"STATION","NAME","DATE","TAVG","TMAX","TMIN"
"UKM00003590","WATTISHAM, UK","2016-10-01","53",,"46"
"UKM00003590","WATTISHAM, UK","2016-10-02","52",,
"UKM00003590","WATTISHAM, UK","2016-10-03","52",,"40"
"UKM00003590","WATTISHAM, UK","2016-10-04","57",,"49"
"UKM00003590","WATTISHAM, UK","2016-10-05","55",,
"UKM00003590","WATTISHAM, UK","2016-10-06","54",,"51"
"UKM00003590","WATTISHAM, UK","2016-10-07","55",,"51"
"UKM00003590","WATTISHAM, UK","2016-10-08","53",,
"UKM00003590","WATTISHAM, UK","2016-10-09","50",,
"UKM00003590","WATTISHAM, UK","2016-10-10","46",,
"UKM00003590","WATTISHAM, UK","2016-10-11","48",,"38"
"UKM00003590","WATTISHAM, UK","2016-10-12","51",,"46"
"UKM00003590","WATTISHAM, UK","2016-10-13","50",,"44"
"UKM00003590","WATTISHAM, UK","2016-10-14","51",,"43"
"UKM00003590","WATTISHAM, UK","2016-10-15","53",,"49"
"UKM00003590","WATTISHAM, UK","2016-10-16","55",,
"UKM00003590","WATTISHAM, UK","2016-10-17","54",,
"UKM00003590","WATTISHAM, UK","2016-10-18","49",,
"UKM00003590","WATTISHAM, UK","2016-10-19","50",,"46"
"UKM00003590","WATTISHAM, UK","2016-10-20","50",,"48"
"UKM00003590","WATTISHAM, UK","2016-10-21","49",,
"UKM00003590","WATTISHAM, UK","2016-10-22","47",,"42"
"UKM00003590","WATTISHAM, UK","2016-10-23","47",,
"UKM00003590","WATTISHAM, UK","2016-10-24","48",,
"UKM00003590","WATTISHAM, UK","2016-10-25","49",,"39"
"UKM00003590","WATTISHAM, UK","2016-10-26","51",,
"UKM00003590","WATTISHAM, UK","2016-10-27","50",,"44"
"UKM00003590","WATTISHAM, UK","2016-10-28","54",,
"UKM00003590","WATTISHAM, UK","2016-10-29","55",,"50"
"UKM00003590","WATTISHAM, UK","2016-10-30","51",,"46"
"UKM00003590","WATTISHAM, UK","2016-10-31","53",,"44"
"UKM00003590","WATTISHAM, UK","2016-11-01","47",,
"UKM00003590","WATTISHAM, UK","2016-11-02","40",,"31"
"UKM00003590","WATTISHAM, UK","2016-11-03","41",,"31"
"UKM00003590","WATTISHAM, UK","2016-11-04","45",,
"UKM00003590","WATTISHAM, UK","2016-11-05","40",,"32"
"UKM00003590","WATTISHAM, UK","2016-11-06","39",,"34"
"UKM00003590","WATTISHAM, UK","2016-11-07","42",,
"UKM00003590","WATTISHAM, UK","2016-11-08","37",,
"UKM00003590","WATTISHAM, UK","2016-11-09","40",,"36"
"UKM00003590","WATTISHAM, UK","2016-11-10","40",,"33"
"UKM00003590","WATTISHAM, UK","2016-11-12","44",,"40"
"UKM00003590","WATTISHAM, UK","2016-11-13","44",,
"UKM00003590","WATTISHAM, UK","2016-11-14","47",,"41"
"UKM00003590","WATTISHAM, UK","2016-11-15","55",,"51"
"UKM00003590","WATTISHAM, UK","2016-11-16","52",,
"UKM00003590","WATTISHAM, UK","2016-11-17","45",,"42"
"UKM00003590","WATTISHAM, UK","2016-11-18","39",,
"UKM00003590","WATTISHAM, UK","2016-11-19","38",,
"UKM00003590","WATTISHAM, UK","2016-11-20","44",,"40"
"UKM00003590","WATTISHAM, UK","2016-11-21","47",,
"UKM00003590","WATTISHAM, UK","2016-11-22","49",,
"UKM00003590","WATTISHAM, UK","2016-11-23","45",,"37"
"UKM00003590","WATTISHAM, UK","2016-11-24","47",,
"UKM00003590","WATTISHAM, UK","2016-11-25","44",,"37"
"UKM00003590","WATTISHAM, UK","2016-11-26","41",,"35"
"UKM00003590","WATTISHAM, UK","2016-11-27","44",,"37"
"UKM00003590","WATTISHAM, UK","2016-11-28","40",,
"UKM00003590","WATTISHAM, UK","2016-11-29","35",,
"UKM00003590","WATTISHAM, UK","2016-11-30","32",,"25"
"UKM00003590","WATTISHAM, UK","2016-12-01","40",,"32"
"UKM00003590","WATTISHAM, UK","2016-12-02","43",,
"UKM00003590","WATTISHAM, UK","2016-12-03","42",,"37"
"UKM00003590","WATTISHAM, UK","2016-12-04","40",,
"UKM00003590","WATTISHAM, UK","2016-12-05","38",,"31"
"UKM00003590","WATTISHAM, UK","2016-12-06","41",,"33"
"UKM00003590","WATTISHAM, UK","2016-12-07","49",,"36"
"UKM00003590","WATTISHAM, UK","2016-12-08","50",,
"UKM00003590","WATTISHAM, UK","2016-12-09","52",,"44"
"UKM00003590","WATTISHAM, UK","2016-12-10","51",,
"UKM00003590","WATTISHAM, UK","2016-12-11","44",,
"UKM00003590","WATTISHAM, UK","2016-12-12","43",,
"UKM00003590","WATTISHAM, UK","2016-12-13","49",,
"UKM00003590","WATTISHAM, UK","2016-12-14","48",,
"UKM00003590","WATTISHAM, UK","2016-12-15","44",,
"UKM00003590","WATTISHAM, UK","2016-12-16","44",,"41"
"UKM00003590","WATTISHAM, UK","2016-12-17","41",,
"UKM00003590","WATTISHAM, UK","2016-12-18","41",,
"UKM00003590","WATTISHAM, UK","2016-12-19","42",,"38"
"UKM00003590","WATTISHAM, UK","2016-12-20","40",,
"UKM00003590","WATTISHAM, UK","2016-12-21","46",,"37"
"UKM00003590","WATTISHAM, UK","2016-12-22","40",,"34"
"UKM00003590","WATTISHAM, UK","2016-12-23","45",,"38"
"UKM00003590","WATTISHAM, UK","2016-12-24","44",,
"UKM00003590","WATTISHAM, UK","2016-12-25","51",,"46"
"UKM00003590","WATTISHAM, UK","2016-12-26","42",,
"UKM00003590","WATTISHAM, UK","2016-12-27","37",,
"UKM00003590","WATTISHAM, UK","2016-12-28","36",,"28"
"UKM00003590","WATTISHAM, UK","2016-12-29","38",,
"UKM00003590","WATTISHAM, UK","2016-12-30","34",,"26"
"UKM00003590","WATTISHAM, UK","2016-12-31","41",,"35"
"UKM00003590","WATTISHAM, UK","2017-01-02","35",,
"UKM00003590","WATTISHAM, UK","2017-01-03","35",,"26"
"UKM00003590","WATTISHAM, UK","2017-01-04","40",,
"UKM00003590","WATTISHAM, UK","2017-01-05","35",,
"UKM00003590","WATTISHAM, UK","2017-01-06","37",,"33"
"UKM00003590","WATTISHAM, UK","2017-01-07","44",,"39"
"UKM00003590","WATTISHAM, UK","2017-01-08","46",,"44"
"UKM00003590","WATTISHAM, UK","2017-01-09","44",,
"UKM00003590","WATTISHAM, UK","2017-01-10","42",,"35"
"UKM00003590","WATTISHAM, UK","2017-01-11","44",,
"UKM00003590","WATTISHAM, UK","2017-01-12","38",,
"UKM00003590","WATTISHAM, UK","2017-01-13","35",,
"UKM00003590","WATTISHAM, UK","2017-01-14","34",,"30"
"UKM00003590","WATTISHAM, UK","2017-01-15","36",,"32"
"UKM00003590","WATTISHAM, UK","2017-01-16","38",,
"UKM00003590","WATTISHAM, UK","2017-01-17","35",,
"UKM00003590","WATTISHAM, UK","2017-01-18","33",,"26"
"UKM00003590","WATTISHAM, UK","2017-01-19","35",,
"UKM00003590","WATTISHAM, UK","2017-01-20","35",,"28"
"UKM00003590","WATTISHAM, UK","2017-01-21","36",,
"UKM00003590","WATTISHAM, UK","2017-01-22","31",,"22"
"UKM00003590","WATTISHAM, UK","2017-01-23","31",,
"UKM00003590","WATTISHAM, UK","2017-01-24","38",,"30"
"UKM00003590","WATTISHAM, UK","2017-01-25","33",,"30"
"UKM00003590","WATTISHAM, UK","2017-01-26","30",,
"UKM00003590","WATTISHAM, UK","2017-01-27","36",,"27"
"UKM00003590","WATTISHAM, UK","2017-01-28","42",,
"UKM00003590","WATTISHAM, UK","2017-01-29","40",,
"UKM00003590","WATTISHAM, UK","2017-01-30","42",,
"UKM00003590","WATTISHAM, UK","2017-01-31","40",,
"UKM00003590","WATTISHAM, UK","2017-02-01","46",,"39"
"UKM00003590","WATTISHAM, UK","2017-02-02","49",,
"UKM00003590","WATTISHAM, UK","2017-02-03","46",,
"UKM00003590","WATTISHAM, UK","2017-02-04","40",,
"UKM00003590","WATTISHAM, UK","2017-02-05","40",,
"UKM00003590","WATTISHAM, UK","2017-02-06","40",,
"UKM00003590","WATTISHAM, UK","2017-02-07","41",,"39"
"UKM00003590","WATTISHAM, UK","2017-02-08","37",,
"UKM00003590","WATTISHAM, UK","2017-02-09","34",,
"UKM00003590","WATTISHAM, UK","2017-02-10","33",,
"UKM00003590","WATTISHAM, UK","2017-02-11","33",,"31"
"UKM00003590","WATTISHAM, UK","2017-02-12","36",,
"UKM00003590","WATTISHAM, UK","2017-02-13","40",,"37"
"UKM00003590","WATTISHAM, UK","2017-02-14","43",,"37"
"UKM00003590","WATTISHAM, UK","2017-02-15","46",,
"UKM00003590","WATTISHAM, UK","2017-02-16","45",,
"UKM00003590","WATTISHAM, UK","2017-02-17","46",,"40"
"UKM00003590","WATTISHAM, UK","2017-02-18","44",,
"UKM00003590","WATTISHAM, UK","2017-02-19","45",,"38"
"UKM00003590","WATTISHAM, UK","2017-02-20","53",,"48"
"UKM00003590","WATTISHAM, UK","2017-02-21","51",,
"UKM00003590","WATTISHAM, UK","2017-02-22","51",,
"UKM00003590","WATTISHAM, UK","2017-02-23","47",,
"UKM00003590","WATTISHAM, UK","2017-02-24","40",,"35"
"UKM00003590","WATTISHAM, UK","2017-02-25","45",,"36"
"UKM00003590","WATTISHAM, UK","2017-02-26","50",,
"UKM00003590","WATTISHAM, UK","2017-02-27","44",,
"UKM00003590","WATTISHAM, UK","2017-02-28","38",,"34"
"UKM00003590","WATTISHAM, UK","2017-03-01","42",,
"UKM00003590","WATTISHAM, UK","2017-03-02","43",,
"UKM00003590","WATTISHAM, UK","2017-03-03","43",,"39"
"UKM00003590","WATTISHAM, UK","2017-03-04","46",,
"UKM00003590","WATTISHAM, UK","2017-03-05","42",,"39"
"UKM00003590","WATTISHAM, UK","2017-03-06","42",,
"UKM00003590","WATTISHAM, UK","2017-03-07","42",,"34"
"UKM00003590","WATTISHAM, UK","2017-03-08","47",,"41"
"UKM00003590","WATTISHAM, UK","2017-03-09","49",,"41"
"UKM00003590","WATTISHAM, UK","2017-03-10","46",,
"UKM00003590","WATTISHAM, UK","2017-03-11","49",,
"UKM00003590","WATTISHAM, UK","2017-03-12","50",,"44"
"UKM00003590","WATTISHAM, UK","2017-03-13","50","56",
"UKM00003590","WATTISHAM, UK","2017-03-14","49",,"41"
"UKM00003590","WATTISHAM, UK","2017-03-15","51",,"42"
"UKM00003590","WATTISHAM, UK","2017-03-16","49",,"42"
"UKM00003590","WATTISHAM, UK","2017-03-17","45",,
"UKM00003590","WATTISHAM, UK","2017-03-18","54",,"46"
"UKM00003590","WATTISHAM, UK","2017-03-19","54",,"51"
"UKM00003590","WATTISHAM, UK","2017-03-20","50",,
"UKM00003590","WATTISHAM, UK","2017-03-21","43",,
"UKM00003590","WATTISHAM, UK","2017-03-22","44",,
"UKM00003590","WATTISHAM, UK","2017-03-23","45",,"42"
"UKM00003590","WATTISHAM, UK","2017-03-24","45",,
"UKM00003590","WATTISHAM, UK","2017-03-25","44",,"34"
"UKM00003590","WATTISHAM, UK","2017-03-26","46",,"38"
"UKM00003590","WATTISHAM, UK","2017-03-27","46",,
"UKM00003590","WATTISHAM, UK","2017-03-28","47",,
"UKM00003590","WATTISHAM, UK","2017-03-29","55",,
"UKM00003590","WATTISHAM, UK","2017-03-30","58",,"49"
"UKM00003590","WATTISHAM, UK","2017-03-31","55",,
"UKM00003590","WATTISHAM, UK","2017-04-01","51",,
"UKM00003590","WATTISHAM, UK","2017-04-02","49",,"40"
"UKM00003590","WATTISHAM, UK","2017-04-03","49",,
"UKM00003590","WATTISHAM, UK","2017-04-04","50",,
"UKM00003590","WATTISHAM, UK","2017-04-05","47","56","39"
"UKM00003590","WATTISHAM, UK","2017-04-06","49",,"38"
"UKM00003590","WATTISHAM, UK","2017-04-07","47",,"35"
"UKM00003590","WATTISHAM, UK","2017-04-08","51",,"42"
"UKM00003590","WATTISHAM, UK","2017-04-09","58",,
"UKM00003590","WATTISHAM, UK","2017-04-10","49",,
"UKM00003590","WATTISHAM, UK","2017-04-11","48",,"36"
"UKM00003590","WATTISHAM, UK","2017-04-12","49",,"41"
"UKM00003590","WATTISHAM, UK","2017-04-13","46",,"39"
"UKM00003590","WATTISHAM, UK","2017-04-14","50",,"39"
"UKM00003590","WATTISHAM, UK","2017-04-15","49",,
"UKM00003590","WATTISHAM, UK","2017-04-16","48",,"42"
"UKM00003590","WATTISHAM, UK","2017-04-17","47",,
"UKM00003590","WATTISHAM, UK","2017-04-18","44",,
"UKM00003590","WATTISHAM, UK","2017-04-19","42",,"32"
"UKM00003590","WATTISHAM, UK","2017-04-20","48",,"38"
"UKM00003590","WATTISHAM, UK","2017-04-21","51",,"42"
"UKM00003590","WATTISHAM, UK","2017-04-22","48",,
"UKM00003590","WATTISHAM, UK","2017-04-23","48",,"41"
"UKM00003590","WATTISHAM, UK","2017-04-24","47",,
"UKM00003590","WATTISHAM, UK","2017-04-25","40",,
"UKM00003590","WATTISHAM, UK","2017-04-26","39",,"34"
"UKM00003590","WATTISHAM, UK","2017-04-27","41",,"30"
"UKM00003590","WATTISHAM, UK","2017-04-28","46",,"37"
"UKM00003590","WATTISHAM, UK","2017-04-29","51",,"44"
"UKM00003590","WATTISHAM, UK","2017-04-30","53",,
"UKM00003590","WATTISHAM, UK","2017-05-01","50",,
"UKM00003590","WATTISHAM, UK","2017-05-02","50",,"40"
"UKM00003590","WATTISHAM, UK","2017-05-03","47",,
"UKM00003590","WATTISHAM, UK","2017-05-04","49",,"47"
"UKM00003590","WATTISHAM, UK","2017-05-05","50",,"43"
"UKM00003590","WATTISHAM, UK","2017-05-06","51",,
"UKM00003590","WATTISHAM, UK","2017-05-07","50",,"46"
"UKM00003590","WATTISHAM, UK","2017-05-08","48",,
"UKM00003590","WATTISHAM, UK","2017-05-09","47",,
"UKM00003590","WATTISHAM, UK","2017-05-10","48",,"38"
"UKM00003590","WATTISHAM, UK","2017-05-11","54",,"42"
"UKM00003590","WATTISHAM, UK","2017-05-12","57",,"49"
"UKM00003590","WATTISHAM, UK","2017-05-13","55",,"49"
"UKM00003590","WATTISHAM, UK","2017-05-14","57",,
"UKM00003590","WATTISHAM, UK","2017-05-15","56",,"46"
"UKM00003590","WATTISHAM, UK","2017-05-16","66",,"58"
"UKM00003590","WATTISHAM, UK","2017-05-17","60",,
"UKM00003590","WATTISHAM, UK","2017-05-18","54",,
"UKM00003590","WATTISHAM, UK","2017-05-19","50",,
"UKM00003590","WATTISHAM, UK","2017-05-20","53",,"43"
"UKM00003590","WATTISHAM, UK","2017-05-21","55",,"46"
"UKM00003590","WATTISHAM, UK","2017-05-22","61",,"49"
"UKM00003590","WATTISHAM, UK","2017-05-23","60",,"51"
"UKM00003590","WATTISHAM, UK","2017-05-24","63",,"51"
"UKM00003590","WATTISHAM, UK","2017-05-25","63",,
"UKM00003590","WATTISHAM, UK","2017-05-26","65",,
"UKM00003590","WATTISHAM, UK","2017-05-27","66",,
"UKM00003590","WATTISHAM, UK","2017-05-28","62",,"50"
"UKM00003590","WATTISHAM, UK","2017-05-29","61",,"55"
"UKM00003590","WATTISHAM, UK","2017-05-30","62",,
"UKM00003590","WATTISHAM, UK","2017-05-31","59",,"50"
"UKM00003590","WATTISHAM, UK","2017-06-01","63",,
"UKM00003590","WATTISHAM, UK","2017-06-02","63",,"54"
"UKM00003590","WATTISHAM, UK","2017-06-03","61",,
"UKM00003590","WATTISHAM, UK","2017-06-04","58",,"46"
"UKM00003590","WATTISHAM, UK","2017-06-05","57",,
"UKM00003590","WATTISHAM, UK","2017-06-06","54",,
"UKM00003590","WATTISHAM, UK","2017-06-07","57",,"49"
"UKM00003590","WATTISHAM, UK","2017-06-08","59",,"53"
"UKM00003590","WATTISHAM, UK","2017-06-09","60",,"53"
"UKM00003590","WATTISHAM, UK","2017-06-10","63",,"51"
"UKM00003590","WATTISHAM, UK","2017-06-11","65",,
"UKM00003590","WATTISHAM, UK","2017-06-12","58",,"51"
"UKM00003590","WATTISHAM, UK","2017-06-13","60",,"49"
"UKM00003590","WATTISHAM, UK","2017-06-14","64",,"54"
"UKM00003590","WATTISHAM, UK","2017-06-15","65",,"55"
"UKM00003590","WATTISHAM, UK","2017-06-16","62",,
"UKM00003590","WATTISHAM, UK","2017-06-17","71",,"58"
"UKM00003590","WATTISHAM, UK","2017-06-18","73",,"61"
"UKM00003590","WATTISHAM, UK","2017-06-19","73",,"60"
"UKM00003590","WATTISHAM, UK","2017-06-20","68",,
"UKM00003590","WATTISHAM, UK","2017-06-21","68",,"57"
"UKM00003590","WATTISHAM, UK","2017-06-22","68",,
"UKM00003590","WATTISHAM, UK","2017-06-23","63",,"51"
"UKM00003590","WATTISHAM, UK","2017-06-24","67",,
"UKM00003590","WATTISHAM, UK","2017-06-25","62",,
"UKM00003590","WATTISHAM, UK","2017-06-26","58",,"47"
"UKM00003590","WATTISHAM, UK","2017-06-27","59",,"54"
"UKM00003590","WATTISHAM, UK","2017-06-28","56",,
"UKM00003590","WATTISHAM, UK","2017-06-29","58",,"52"
"UKM00003590","WATTISHAM, UK","2017-06-30","60",,
"UKM00003590","WATTISHAM, UK","2017-07-01","62",,
"UKM00003590","WATTISHAM, UK","2017-07-02","62",,
"UKM00003590","WATTISHAM, UK","2017-07-03","63",,"54"
"UKM00003590","WATTISHAM, UK","2017-07-04","65",,"54"
"UKM00003590","WATTISHAM, UK","2017-07-05","66",,"56"
"UKM00003590","WATTISHAM, UK","2017-07-06","67",,"59"
"UKM00003590","WATTISHAM, UK","2017-07-07","70",,"59"
"UKM00003590","WATTISHAM, UK","2017-07-08","65",,
"UKM00003590","WATTISHAM, UK","2017-07-09","67",,"56"
"UKM00003590","WATTISHAM, UK","2017-07-10","66",,
"UKM00003590","WATTISHAM, UK","2017-07-11","59",,"52"
"UKM00003590","WATTISHAM, UK","2017-07-12","60",,
"UKM00003590","WATTISHAM, UK","2017-07-13","60",,"49"
"UKM00003590","WATTISHAM, UK","2017-07-14","60",,
"UKM00003590","WATTISHAM, UK","2017-07-15","62",,"53"
"UKM00003590","WATTISHAM, UK","2017-07-16","67",,"60"
"UKM00003590","WATTISHAM, UK","2017-07-17","64",,"52"
"UKM00003590","WATTISHAM, UK","2017-07-18","65",,
"UKM00003590","WATTISHAM, UK","2017-07-19","68",,"62"
"UKM00003590","WATTISHAM, UK","2017-07-20","63",,
"UKM00003590","WATTISHAM, UK","2017-07-21","62",,"53"
"UKM00003590","WATTISHAM, UK","2017-07-22","60",,
"UKM00003590","WATTISHAM, UK","2017-07-23","58",,
"UKM00003590","WATTISHAM, UK","2017-07-24","57",,"52"
"UKM00003590","WATTISHAM, UK","2017-07-25","60",,
"UKM00003590","WATTISHAM, UK","2017-07-26","63",,"55"
"UKM00003590","WATTISHAM, UK","2017-07-27","60",,"53"
"UKM00003590","WATTISHAM, UK","2017-07-28","62",,"55"
"UKM00003590","WATTISHAM, UK","2017-07-29","63",,
"UKM00003590","WATTISHAM, UK","2017-07-30","62",,
"UKM00003590","WATTISHAM, UK","2017-07-31","62",,"55"
"UKM00003590","WATTISHAM, UK","2017-08-01","62",,"49"
"UKM00003590","WATTISHAM, UK","2017-08-02","61",,"56"
"UKM00003590","WATTISHAM, UK","2017-08-03","65",,"59"
"UKM00003590","WATTISHAM, UK","2017-08-04","64",,"58"
"UKM00003590","WATTISHAM, UK","2017-08-05","58",,
"UKM00003590","WATTISHAM, UK","2017-08-06","59",,"46"
"UKM00003590","WATTISHAM, UK","2017-08-07","61",,"52"
"UKM00003590","WATTISHAM, UK","2017-08-08","58",,"53"
"UKM00003590","WATTISHAM, UK","2017-08-09","57",,"52"
"UKM00003590","WATTISHAM, UK","2017-08-10","58",,
"UKM00003590","WATTISHAM, UK","2017-08-11","61",,"47"
"UKM00003590","WATTISHAM, UK","2017-08-12","63",,
"UKM00003590","WATTISHAM, UK","2017-08-13","60",,"47"
"UKM00003590","WATTISHAM, UK","2017-08-14","63",,"54"
"UKM00003590","WATTISHAM, UK","2017-08-15","63",,
"UKM00003590","WATTISHAM, UK","2017-08-16","62",,
"UKM00003590","WATTISHAM, UK","2017-08-17","66",,"59"
"UKM00003590","WATTISHAM, UK","2017-08-18","60",,
"UKM00003590","WATTISHAM, UK","2017-08-19","58",,"51"
"UKM00003590","WATTISHAM, UK","2017-08-20","59",,"48"
"UKM00003590","WATTISHAM, UK","2017-08-21","60",,"54"
"UKM00003590","WATTISHAM, UK","2017-08-22","63",,"58"
"UKM00003590","WATTISHAM, UK","2017-08-23","66",,
"UKM00003590","WATTISHAM, UK","2017-08-24","60",,"50"
"UKM00003590","WATTISHAM, UK","2017-08-25","62",,"51"
"UKM00003590","WATTISHAM, UK","2017-08-26","65",,"55"
"UKM00003590","WATTISHAM, UK","2017-08-27","64",,"55"
"UKM00003590","WATTISHAM, UK","2017-08-28","67",,"58"
"UKM00003590","WATTISHAM, UK","2017-08-29","66",,"56"
"UKM00003590","WATTISHAM, UK","2017-08-30","54",,
"UKM00003590","WATTISHAM, UK","2017-08-31","55",,
"UKM00003590","WATTISHAM, UK","2017-09-01","56",,"46"
"UKM00003590","WATTISHAM, UK","2017-09-02","57",,"48"
"UKM00003590","WATTISHAM, UK","2017-09-03","59",,"52"
"UKM00003590","WATTISHAM, UK","2017-09-04","62",,"56"
"UKM00003590","WATTISHAM, UK","2017-09-05","63",,
"UKM00003590","WATTISHAM, UK","2017-09-06","58",,"50"
"UKM00003590","WATTISHAM, UK","2017-09-07","58",,"47"
"UKM00003590","WATTISHAM, UK","2017-09-08","58",,
"UKM00003590","WATTISHAM, UK","2017-09-09","52",,"45"
"UKM00003590","WATTISHAM, UK","2017-09-10","54",,"45"
"UKM00003590","WATTISHAM, UK","2017-09-11","55",,
"UKM00003590","WATTISHAM, UK","2017-09-12","56",,"49"
"UKM00003590","WATTISHAM, UK","2017-09-13","56",,
"UKM00003590","WATTISHAM, UK","2017-09-14","51",,"44"
"UKM00003590","WATTISHAM, UK","2017-09-15","49",,"40"
"UKM00003590","WATTISHAM, UK","2017-09-16","49",,"39"
"UKM00003590","WATTISHAM, UK","2017-09-17","51",,"45"
"UKM00003590","WATTISHAM, UK","2017-09-18","52",,"46"
"UKM00003590","WATTISHAM, UK","2017-09-19","51",,"46"
"UKM00003590","WATTISHAM, UK","2017-09-20","54",,"43"
"UKM00003590","WATTISHAM, UK","2017-09-21","59",,
"UKM00003590","WATTISHAM, UK","2017-09-22","54",,
"UKM00003590","WATTISHAM, UK","2017-09-23","57",,"50"
"UKM00003590","WATTISHAM, UK","2017-09-24","60",,"55"
"UKM00003590","WATTISHAM, UK","2017-09-25","60",,
"UKM00003590","WATTISHAM, UK","2017-09-26","59",,
"UKM00003590","WATTISHAM, UK","2017-09-27","58",,"49"
"UKM00003590","WATTISHAM, UK","2017-09-28","61",,
"UKM00003590","WATTISHAM, UK","2017-09-29","59",,
"UKM00003590","WATTISHAM, UK","2017-09-30","54",,"46"
"UKM00003590","WATTISHAM, UK","2017-10-01","60",,"55"
"UKM00003590","WATTISHAM, UK","2017-10-02","57",,
"UKM00003590","WATTISHAM, UK","2017-10-03","52",,"46"
"UKM00003590","WATTISHAM, UK","2017-10-04","52",,
"UKM00003590","WATTISHAM, UK","2017-10-05","55",,
"UKM00003590","WATTISHAM, UK","2017-10-06","49",,
"UKM00003590","WATTISHAM, UK","2017-10-07","54",,"46"
"UKM00003590","WATTISHAM, UK","2017-10-08","53",,"48"
"UKM00003590","WATTISHAM, UK","2017-10-09","54",,"48"
"UKM00003590","WATTISHAM, UK","2017-10-10","56",,"48"
"UKM00003590","WATTISHAM, UK","2017-10-11","58",,
"UKM00003590","WATTISHAM, UK","2017-10-12","53",,"46"
"UKM00003590","WATTISHAM, UK","2017-10-13","59",,"49"
"UKM00003590","WATTISHAM, UK","2017-10-14","62",,
"UKM00003590","WATTISHAM, UK","2017-10-15","59",,
"UKM00003590","WATTISHAM, UK","2017-10-16","62",,
"UKM00003590","WATTISHAM, UK","2017-10-17","54",,
"UKM00003590","WATTISHAM, UK","2017-10-18","55",,"50"
"UKM00003590","WATTISHAM, UK","2017-10-19","59",,"56"
"UKM00003590","WATTISHAM, UK","2017-10-20","54",,
"UKM00003590","WATTISHAM, UK","2017-10-21","56",,"49"
"UKM00003590","WATTISHAM, UK","2017-10-22","50",,
"UKM00003590","WATTISHAM, UK","2017-10-23","53",,"43"
"UKM00003590","WATTISHAM, UK","2017-10-24","60",,
"UKM00003590","WATTISHAM, UK","2017-10-25","57",,
"UKM00003590","WATTISHAM, UK","2017-10-26","51",,"44"
"UKM00003590","WATTISHAM, UK","2017-10-27","48",,
"UKM00003590","WATTISHAM, UK","2017-10-28","50",,"37"
"UKM00003590","WATTISHAM, UK","2017-10-29","51",,
"UKM00003590","WATTISHAM, UK","2017-10-30","43",,"39"
"UKM00003590","WATTISHAM, UK","2017-10-31","48",,"37"
"UKM00003590","WATTISHAM, UK","2017-11-01","49",,
"UKM00003590","WATTISHAM, UK","2017-11-02","47",,"38"
"UKM00003590","WATTISHAM, UK","2017-11-03","50",,
"UKM00003590","WATTISHAM, UK","2017-11-04","51",,
"UKM00003590","WATTISHAM, UK","2017-11-05","42",,"37"
"UKM00003590","WATTISHAM, UK","2017-11-06","40",,"28"
"UKM00003590","WATTISHAM, UK","2017-11-07","47",,"40"
"UKM00003590","WATTISHAM, UK","2017-11-08","44",,
"UKM00003590","WATTISHAM, UK","2017-11-09","43",,"31"
"UKM00003590","WATTISHAM, UK","2017-11-10","46",,"39"
"UKM00003590","WATTISHAM, UK","2017-11-11","43",,
"UKM00003590","WATTISHAM, UK","2017-11-12","40",,
"UKM00003590","WATTISHAM, UK","2017-11-13","37",,
"UKM00003590","WATTISHAM, UK","2017-11-14","46",,"32"
"UKM00003590","WATTISHAM, UK","2017-11-15","50",,"47"
"UKM00003590","WATTISHAM, UK","2017-11-16","48",,
"UKM00003590","WATTISHAM, UK","2017-11-17","37",,"30"
"UKM00003590","WATTISHAM, UK","2017-11-18","41",,"32"
"UKM00003590","WATTISHAM, UK","2017-11-19","37",,
"UKM00003590","WATTISHAM, UK","2017-11-20","48",,"34"
"UKM00003590","WATTISHAM, UK","2017-11-21","53",,"51"
"UKM00003590","WATTISHAM, UK","2017-11-22","56",,"52"
"UKM00003590","WATTISHAM, UK","2017-11-23","51",,
"UKM00003590","WATTISHAM, UK","2017-11-24","39","46",
"UKM00003590","WATTISHAM, UK","2017-11-25","34",,"27"
"UKM00003590","WATTISHAM, UK","2017-11-26","38","43","33"
"UKM00003590","WATTISHAM, UK","2017-11-27","44",,"36"
"UKM00003590","WATTISHAM, UK","2017-11-28","37",,"34"
"UKM00003590","WATTISHAM, UK","2017-11-29","37",,
"UKM00003590","WATTISHAM, UK","2017-11-30","33",,"30"
"UKM00003590","WATTISHAM, UK","2017-12-01","37",,"32"
"UKM00003590","WATTISHAM, UK","2017-12-02","38",,"35"
"UKM00003590","WATTISHAM, UK","2017-12-03","43",,
"UKM00003590","WATTISHAM, UK","2017-12-04","40",,"32"
"UKM00003590","WATTISHAM, UK","2017-12-05","44",,
"UKM00003590","WATTISHAM, UK","2017-12-06","46",,"44"
"UKM00003590","WATTISHAM, UK","2017-12-07","46",,
"UKM00003590","WATTISHAM, UK","2017-12-08","35",,
"UKM00003590","WATTISHAM, UK","2017-12-09","32",,
"UKM00003590","WATTISHAM, UK","2017-12-10","33",,"27"
"UKM00003590","WATTISHAM, UK","2017-12-11","34",,
"UKM00003590","WATTISHAM, UK","2017-12-12","31",,
"UKM00003590","WATTISHAM, UK","2017-12-13","39",,"31"
"UKM00003590","WATTISHAM, UK","2017-12-14","37",,
"UKM00003590","WATTISHAM, UK","2017-12-15","37",,
"UKM00003590","WATTISHAM, UK","2017-12-16","34",,"32"
"UKM00003590","WATTISHAM, UK","2017-12-17","34",,
"UKM00003590","WATTISHAM, UK","2017-12-18","37",,
"UKM00003590","WATTISHAM, UK","2017-12-19","35",,"27"
"UKM00003590","WATTISHAM, UK","2017-12-20","46",,"37"
"UKM00003590","WATTISHAM, UK","2017-12-21","49",,
"UKM00003590","WATTISHAM, UK","2017-12-22","47",,"46"
"UKM00003590","WATTISHAM, UK","2017-12-23","47",,
"UKM00003590","WATTISHAM, UK","2017-12-24","47",,"45"
"UKM00003590","WATTISHAM, UK","2017-12-25","49",,
"UKM00003590","WATTISHAM, UK","2017-12-26","40",,
"UKM00003590","WATTISHAM, UK","2017-12-27","37",,
"UKM00003590","WATTISHAM, UK","2017-12-28","33",,
"UKM00003590","WATTISHAM, UK","2017-12-29","38",,"27"
"UKM00003590","WATTISHAM, UK","2017-12-30","48",,"38"
"UKM00003590","WATTISHAM, UK","2017-12-31","49",,
"UKM00003590","WATTISHAM, UK","2018-01-01","41",,
"UKM00003590","WATTISHAM, UK","2018-01-02","42",,
"UKM00003590","WATTISHAM, UK","2018-01-03","46",,"42"
"UKM00003590","WATTISHAM, UK","2018-01-04","44",,
"UKM00003590","WATTISHAM, UK","2018-01-05","40",,
"UKM00003590","WATTISHAM, UK","2018-01-06","35",,
"UKM00003590","WATTISHAM, UK","2018-01-07","36",,"33"
"UKM00003590","WATTISHAM, UK","2018-01-08","38",,"34"
"UKM00003590","WATTISHAM, UK","2018-01-09","40",,"38"
"UKM00003590","WATTISHAM, UK","2018-01-10","44",,"40"
"UKM00003590","WATTISHAM, UK","2018-01-11","43",,"41"
"UKM00003590","WATTISHAM, UK","2018-01-12","42",,"40"
"UKM00003590","WATTISHAM, UK","2018-01-13","40",,
"UKM00003590","WATTISHAM, UK","2018-01-14","40",,"39"
"UKM00003590","WATTISHAM, UK","2018-01-15","43",,"38"
"UKM00003590","WATTISHAM, UK","2018-01-16","39",,
"UKM00003590","WATTISHAM, UK","2018-01-17","38",,"34"
"UKM00003590","WATTISHAM, UK","2018-01-18","42",,
"UKM00003590","WATTISHAM, UK","2018-01-19","35",,
"UKM00003590","WATTISHAM, UK","2018-01-20","35",,"30"
"UKM00003590","WATTISHAM, UK","2018-01-21","33",,"28"
"UKM00003590","WATTISHAM, UK","2018-01-22","43",,
"UKM00003590","WATTISHAM, UK","2018-01-23","48",,"34"
"UKM00003590","WATTISHAM, UK","2018-01-24","49",,
"UKM00003590","WATTISHAM, UK","2018-01-25","43",,
"UKM00003590","WATTISHAM, UK","2018-01-26","37",,
"UKM00003590","WATTISHAM, UK","2018-01-27","41",,
"UKM00003590","WATTISHAM, UK","2018-01-28","49",,"43"
"UKM00003590","WATTISHAM, UK","2018-01-29","47",,
"UKM00003590","WATTISHAM, UK","2018-01-30","38",,"29"
"UKM00003590","WATTISHAM, UK","2018-01-31","42",,
"UKM00003590","WATTISHAM, UK","2018-02-01","38",,"33"
"UKM00003590","WATTISHAM, UK","2018-02-02","38",,
"UKM00003590","WATTISHAM, UK","2018-02-03","36",,"33"
"UKM00003590","WATTISHAM, UK","2018-02-04","35",,
"UKM00003590","WATTISHAM, UK","2018-02-05","34",,"30"
"UKM00003590","WATTISHAM, UK","2018-02-06","32",,
"UKM00003590","WATTISHAM, UK","2018-02-07","33",,"28"
"UKM00003590","WATTISHAM, UK","2018-02-08","34",,"24"
"UKM00003590","WATTISHAM, UK","2018-02-09","38",,
"UKM00003590","WATTISHAM, UK","2018-02-10","37",,"26"
"UKM00003590","WATTISHAM, UK","2018-02-11","39",,
"UKM00003590","WATTISHAM, UK","2018-02-12","35",,
"UKM00003590","WATTISHAM, UK","2018-02-13","37",,"33"
"UKM00003590","WATTISHAM, UK","2018-02-14","39",,"36"
"UKM00003590","WATTISHAM, UK","2018-02-15","43",,
"UKM00003590","WATTISHAM, UK","2018-02-16","37",,
"UKM00003590","WATTISHAM, UK","2018-02-17","40","48","30"
"UKM00003590","WATTISHAM, UK","2018-02-18","40",,"35"
"UKM00003590","WATTISHAM, UK","2018-02-19","44",,"40"
"UKM00003590","WATTISHAM, UK","2018-02-20","41",,
"UKM00003590","WATTISHAM, UK","2018-02-21","36","41",
"UKM00003590","WATTISHAM, UK","2018-02-22","36",,
"UKM00003590","WATTISHAM, UK","2018-02-23","34",,"29"
"UKM00003590","WATTISHAM, UK","2018-02-24","35",,"28"
"UKM00003590","WATTISHAM, UK","2018-02-25","33",,"29"
"UKM00003590","WATTISHAM, UK","2018-02-26","30",,
"UKM00003590","WATTISHAM, UK","2018-02-27","26","33","19"
"UKM00003590","WATTISHAM, UK","2018-02-28","24",,"20"
"UKM00003590","WATTISHAM, UK","2018-03-01","26",,"21"
"UKM00003590","WATTISHAM, UK","2018-03-02","29",,
"UKM00003590","WATTISHAM, UK","2018-03-03","33",,"28"
"UKM00003590","WATTISHAM, UK","2018-03-04","40",,"34"
"UKM00003590","WATTISHAM, UK","2018-03-05","40","45","37"
"UKM00003590","WATTISHAM, UK","2018-03-06","44",,
"UKM00003590","WATTISHAM, UK","2018-03-07","39",,"35"
"UKM00003590","WATTISHAM, UK","2018-03-08","40",,"35"
"UKM00003590","WATTISHAM, UK","2018-03-09","41",,
"UKM00003590","WATTISHAM, UK","2018-03-10","49",,"42"
"UKM00003590","WATTISHAM, UK","2018-03-11","45",,"41"
"UKM00003590","WATTISHAM, UK","2018-03-12","45",,
"UKM00003590","WATTISHAM, UK","2018-03-13","43",,"38"
"UKM00003590","WATTISHAM, UK","2018-03-14","44",,
"UKM00003590","WATTISHAM, UK","2018-03-15","45",,"44"
"UKM00003590","WATTISHAM, UK","2018-03-16","47",,
"UKM00003590","WATTISHAM, UK","2018-03-17","31",,
"UKM00003590","WATTISHAM, UK","2018-03-18","31",,"27"
"UKM00003590","WATTISHAM, UK","2018-03-19","33",,
"UKM00003590","WATTISHAM, UK","2018-03-20","38",,
"UKM00003590","WATTISHAM, UK","2018-03-21","39",,
"UKM00003590","WATTISHAM, UK","2018-03-22","45",,"38"
"UKM00003590","WATTISHAM, UK","2018-03-23","47",,
"UKM00003590","WATTISHAM, UK","2018-03-24","44",,"42"
"UKM00003590","WATTISHAM, UK","2018-03-25","44",,
"UKM00003590","WATTISHAM, UK","2018-03-26","44",,"33"
"UKM00003590","WATTISHAM, UK","2018-03-27","44",,"40"
"UKM00003590","WATTISHAM, UK","2018-03-28","40",,
"UKM00003590","WATTISHAM, UK","2018-03-29","40",,"32"
"UKM00003590","WATTISHAM, UK","2018-03-30","42",,"37"
"UKM00003590","WATTISHAM, UK","2018-03-31","41",,"39"
"UKM00003590","WATTISHAM, UK","2018-04-01","41",,
"UKM00003590","WATTISHAM, UK","2018-04-02","45",,"39"
"UKM00003590","WATTISHAM, UK","2018-04-03","51",,
"UKM00003590","WATTISHAM, UK","2018-04-04","49",,"44"
"UKM00003590","WATTISHAM, UK","2018-04-05","44",,
"UKM00003590","WATTISHAM, UK","2018-04-06","47",,"39"
"UKM00003590","WATTISHAM, UK","2018-04-07","53",,"45"
"UKM00003590","WATTISHAM, UK","2018-04-08","50",,
"UKM00003590","WATTISHAM, UK","2018-04-09","45",,
"UKM00003590","WATTISHAM, UK","2018-04-10","48",,
"UKM00003590","WATTISHAM, UK","2018-04-11","45","51","43"
"UKM00003590","WATTISHAM, UK","2018-04-12","45",,
"UKM00003590","WATTISHAM, UK","2018-04-13","47",,"42"
"UKM00003590","WATTISHAM, UK","2018-04-14","52",,"46"
"UKM00003590","WATTISHAM, UK","2018-04-15","50",,"45"
"UKM00003590","WATTISHAM, UK","2018-04-16","51",,"45"
"UKM00003590","WATTISHAM, UK","2018-04-17","56",,
"UKM00003590","WATTISHAM, UK","2018-04-18","60",,
"UKM00003590","WATTISHAM, UK","2018-04-19","65",,
"UKM00003590","WATTISHAM, UK","2018-04-20","61",,
"UKM00003590","WATTISHAM, UK","2018-04-21","57",,"45"
"UKM00003590","WATTISHAM, UK","2018-04-22","62",,
"UKM00003590","WATTISHAM, UK","2018-04-23","52",,"42"
"UKM00003590","WATTISHAM, UK","2018-04-24","55",,"51"
"UKM00003590","WATTISHAM, UK","2018-04-25","49",,"43"
"UKM00003590","WATTISHAM, UK","2018-04-26","48",,"41"
"UKM00003590","WATTISHAM, UK","2018-04-27","46",,"41"
"UKM00003590","WATTISHAM, UK","2018-04-28","46",,
"UKM00003590","WATTISHAM, UK","2018-04-29","43",,
"UKM00003590","WATTISHAM, UK","2018-04-30","42",,
"UKM00003590","WATTISHAM, UK","2018-05-01","47",,"35"
"UKM00003590","WATTISHAM, UK","2018-05-02","47",,
"UKM00003590","WATTISHAM, UK","2018-05-03","49",,"35"
"UKM00003590","WATTISHAM, UK","2018-05-04","55",,"43"
"UKM00003590","WATTISHAM, UK","2018-05-05","57",,"42"
"UKM00003590","WATTISHAM, UK","2018-05-06","59",,"43"
"UKM00003590","WATTISHAM, UK","2018-05-07","63",,"47"
"UKM00003590","WATTISHAM, UK","2018-05-08","65",,"47"
"UKM00003590","WATTISHAM, UK","2018-05-09","57",,"47"
"UKM00003590","WATTISHAM, UK","2018-05-10","53",,"46"
"UKM00003590","WATTISHAM, UK","2018-05-11","54",,"46"
"UKM00003590","WATTISHAM, UK","2018-05-12","56",,"49"
"UKM00003590","WATTISHAM, UK","2018-05-13","53",,
"UKM00003590","WATTISHAM, UK","2018-05-14","54",,"46"
"UKM00003590","WATTISHAM, UK","2018-05-15","57",,
"UKM00003590","WATTISHAM, UK","2018-05-16","51",,
"UKM00003590","WATTISHAM, UK","2018-05-17","49",,"40"
"UKM00003590","WATTISHAM, UK","2018-05-18","50",,"40"
"UKM00003590","WATTISHAM, UK","2018-05-19","51",,"37"
"UKM00003590","WATTISHAM, UK","2018-05-20","53",,
"UKM00003590","WATTISHAM, UK","2018-05-21","57",,"42"
"UKM00003590","WATTISHAM, UK","2018-05-22","57",,"48"
"UKM00003590","WATTISHAM, UK","2018-05-23","55",,"48"
"UKM00003590","WATTISHAM, UK","2018-05-24","59",,"51"
"UKM00003590","WATTISHAM, UK","2018-05-25","59",,
"UKM00003590","WATTISHAM, UK","2018-05-26","62",,
"UKM00003590","WATTISHAM, UK","2018-05-27","65",,
"UKM00003590","WATTISHAM, UK","2018-05-28","65",,
"UKM00003590","WATTISHAM, UK","2018-05-29","61",,
"UKM00003590","WATTISHAM, UK","2018-05-30","59",,"53"
"UKM00003590","WATTISHAM, UK","2018-05-31","61",,"53"
"UKM00003590","WATTISHAM, UK","2018-06-01","64",,"59"
"UKM00003590","WATTISHAM, UK","2018-06-02","65",,
"UKM00003590","WATTISHAM, UK","2018-06-03","63",,"55"
"UKM00003590","WATTISHAM, UK","2018-06-04","57",,"53"
